[{"kdex": "#001", "ndex": "#722", "name": "Rowlet", "type1": "Grass", "type2": "Flying", "url": "https://bulbapedia.bulbagarden.net//wiki/Rowlet_(Pok%C3%A9mon)"}, {"kdex": "#002", "ndex": "#723", "name": "Dartrix", "type1": "Grass", "type2": "Flying", "url": "https://bulbapedia.bulbagarden.net//wiki/Dartrix_(Pok%C3%A9mon)"}, {"kdex": "#003", "ndex": "#724", "name": "Decidueye", "type1": "Grass", "type2": "Ghost", "url": "https://bulbapedia.bulbagarden.net//wiki/Decidueye_(Pok%C3%A9mon)"}, {"kdex": "#004", "ndex": "#725", "name": "Litten", "type1": "Fire", "url": "https://bulbapedia.bulbagarden.net//wiki/Litten_(Pok%C3%A9mon)"}, {"kdex": "#005", "ndex": "#726", "name": "Torracat", "type1": "Fire", "url": "https://bulbapedia.bulbagarden.net//wiki/Torracat_(Pok%C3%A9mon)"}, {"kdex": "#006", "ndex": "#727", "name": "Incineroar", "type1": "Fire", "type2": "Dark", "url": "https://bulbapedia.bulbagarden.net//wiki/Incineroar_(Pok%C3%A9mon)"}, {"kdex": "#007", "ndex": "#728", "name": "Popplio", "type1": "Water", "url": "https://bulbapedia.bulbagarden.net//wiki/Popplio_(Pok%C3%A9mon)"}, {"kdex": "#008", "ndex": "#729", "name": "Brionne", "type1": "Water", "url": "https://bulbapedia.bulbagarden.net//wiki/Brionne_(Pok%C3%A9mon)"}, {"kdex": "#009", "ndex": "#730", "name": "Primarina", "type1": "Water", "type2": "Fairy", "url": "https://bulbapedia.bulbagarden.net//wiki/Primarina_(Pok%C3%A9mon)"}, {"kdex": "#010", "ndex": "#731", "name": "Pikipek", "type1": "Normal", "type2": "Flying", "url": "https://bulbapedia.bulbagarden.net//wiki/Pikipek_(Pok%C3%A9mon)"}, {"kdex": "#011", "ndex": "#732", "name": "Trumbeak", "type1": "Normal", "type2": "Flying", "url": "https://bulbapedia.bulbagarden.net//wiki/Trumbeak_(Pok%C3%A9mon)"}, {"kdex": "#012", "ndex": "#733", "name": "Toucannon", "type1": "Normal", "type2": "Flying", "url": "https://bulbapedia.bulbagarden.net//wiki/Toucannon_(Pok%C3%A9mon)"}, {"kdex": "#013", "ndex": "#734", "name": "Yungoos", "type1": "Normal", "url": "https://bulbapedia.bulbagarden.net//wiki/Yungoos_(Pok%C3%A9mon)"}, {"kdex": "#014", "ndex": "#735", "name": "Gumshoos", "type1": "Normal", "url": "https://bulbapedia.bulbagarden.net//wiki/Gumshoos_(Pok%C3%A9mon)"}, {"kdex": "#027", "ndex": "#736", "name": "Grubbin", "type1": "Bug", "url": "https://bulbapedia.bulbagarden.net//wiki/Grubbin_(Pok%C3%A9mon)"}, {"kdex": "#028", "ndex": "#737", "name": "Charjabug", "type1": "Bug", "type2": "Electric", "url": "https://bulbapedia.bulbagarden.net//wiki/Charjabug_(Pok%C3%A9mon)"}, {"kdex": "#029", "ndex": "#738", "name": "Vikavolt", "type1": "Bug", "type2": "Electric", "url": "https://bulbapedia.bulbagarden.net//wiki/Vikavolt_(Pok%C3%A9mon)"}, {"kdex": "#059", "ndex": "#739", "name": "Crabrawler", "type1": "Fighting", "url": "https://bulbapedia.bulbagarden.net//wiki/Crabrawler_(Pok%C3%A9mon)"}, {"kdex": "#060", "ndex": "#740", "name": "Crabominable", "type1": "Fighting", "type2": "Ice", "url": "https://bulbapedia.bulbagarden.net//wiki/Crabominable_(Pok%C3%A9mon)"}, {"kdex": "#082", "ndex": "#741", "name": "Oricorio", "type1": "Fire", "type2": "Flying", "url": "https://bulbapedia.bulbagarden.net//wiki/Oricorio_(Pok%C3%A9mon)"}, {"kdex": "#082", "ndex": "#741", "name": "Oricorio", "type1": "Electric", "type2": "Flying", "url": "https://bulbapedia.bulbagarden.net//wiki/Oricorio_(Pok%C3%A9mon)"}, {"kdex": "#082", "ndex": "#741", "name": "Oricorio", "type1": "Psychic", "type2": "Flying", "url": "https://bulbapedia.bulbagarden.net//wiki/Oricorio_(Pok%C3%A9mon)"}, {"kdex": "#082", "ndex": "#741", "name": "Oricorio", "type1": "Ghost", "type2": "Flying", "url": "https://bulbapedia.bulbagarden.net//wiki/Oricorio_(Pok%C3%A9mon)"}, {"kdex": "#083", "ndex": "#742", "name": "Cutiefly", "type1": "Bug", "type2": "Fairy", "url": "https://bulbapedia.bulbagarden.net//wiki/Cutiefly_(Pok%C3%A9mon)"}, {"kdex": "#084", "ndex": "#743", "name": "Ribombee", "type1": "Bug", "type2": "Fairy", "url": "https://bulbapedia.bulbagarden.net//wiki/Ribombee_(Pok%C3%A9mon)"}, {"kdex": "#103", "ndex": "#744", "name": "Rockruff", "type1": "Rock", "url": "https://bulbapedia.bulbagarden.net//wiki/Rockruff_(Pok%C3%A9mon)"}, {"kdex": "#104", "ndex": "#745", "name": "Lycanroc", "type1": "Rock", "url": "https://bulbapedia.bulbagarden.net//wiki/Lycanroc_(Pok%C3%A9mon)"}, {"kdex": "#110", "ndex": "#746", "name": "Wishiwashi", "type1": "Water", "url": "https://bulbapedia.bulbagarden.net//wiki/Wishiwashi_(Pok%C3%A9mon)"}, {"kdex": "#113", "ndex": "#747", "name": "Mareanie", "type1": "Poison", "type2": "Water", "url": "https://bulbapedia.bulbagarden.net//wiki/Mareanie_(Pok%C3%A9mon)"}, {"kdex": "#114", "ndex": "#748", "name": "Toxapex", "type1": "Poison", "type2": "Water", "url": "https://bulbapedia.bulbagarden.net//wiki/Toxapex_(Pok%C3%A9mon)"}, {"kdex": "#132", "ndex": "#749", "name": "Mudbray", "type1": "Ground", "url": "https://bulbapedia.bulbagarden.net//wiki/Mudbray_(Pok%C3%A9mon)"}, {"kdex": "#133", "ndex": "#750", "name": "Mudsdale", "type1": "Ground", "url": "https://bulbapedia.bulbagarden.net//wiki/Mudsdale_(Pok%C3%A9mon)"}, {"kdex": "#141", "ndex": "#751", "name": "Dewpider", "type1": "Water", "type2": "Bug", "url": "https://bulbapedia.bulbagarden.net//wiki/Dewpider_(Pok%C3%A9mon)"}, {"kdex": "#142", "ndex": "#752", "name": "Araquanid", "type1": "Water", "type2": "Bug", "url": "https://bulbapedia.bulbagarden.net//wiki/Araquanid_(Pok%C3%A9mon)"}, {"kdex": "#143", "ndex": "#753", "name": "Fomantis", "type1": "Grass", "url": "https://bulbapedia.bulbagarden.net//wiki/Fomantis_(Pok%C3%A9mon)"}, {"kdex": "#144", "ndex": "#754", "name": "Lurantis", "type1": "Grass", "url": "https://bulbapedia.bulbagarden.net//wiki/Lurantis_(Pok%C3%A9mon)"}, {"kdex": "#145", "ndex": "#755", "name": "Morelull", "type1": "Grass", "type2": "Fairy", "url": "https://bulbapedia.bulbagarden.net//wiki/Morelull_(Pok%C3%A9mon)"}, {"kdex": "#146", "ndex": "#756", "name": "Shiinotic", "type1": "Grass", "type2": "Fairy", "url": "https://bulbapedia.bulbagarden.net//wiki/Shiinotic_(Pok%C3%A9mon)"}, {"kdex": "#161", "ndex": "#757", "name": "Salandit", "type1": "Poison", "type2": "Fire", "url": "https://bulbapedia.bulbagarden.net//wiki/Salandit_(Pok%C3%A9mon)"}, {"kdex": "#162", "ndex": "#758", "name": "Salazzle", "type1": "Poison", "type2": "Fire", "url": "https://bulbapedia.bulbagarden.net//wiki/Salazzle_(Pok%C3%A9mon)"}, {"kdex": "#169", "ndex": "#759", "name": "Stufful", "type1": "Normal", "type2": "Fighting", "url": "https://bulbapedia.bulbagarden.net//wiki/Stufful_(Pok%C3%A9mon)"}, {"kdex": "#170", "ndex": "#760", "name": "Bewear", "type1": "Normal", "type2": "Fighting", "url": "https://bulbapedia.bulbagarden.net//wiki/Bewear_(Pok%C3%A9mon)"}, {"kdex": "#171", "ndex": "#761", "name": "Bounsweet", "type1": "Grass", "url": "https://bulbapedia.bulbagarden.net//wiki/Bounsweet_(Pok%C3%A9mon)"}, {"kdex": "#172", "ndex": "#762", "name": "Steenee", "type1": "Grass", "url": "https://bulbapedia.bulbagarden.net//wiki/Steenee_(Pok%C3%A9mon)"}, {"kdex": "#173", "ndex": "#763", "name": "Tsareena", "type1": "Grass", "url": "https://bulbapedia.bulbagarden.net//wiki/Tsareena_(Pok%C3%A9mon)"}, {"kdex": "#174", "ndex": "#764", "name": "Comfey", "type1": "Fairy", "url": "https://bulbapedia.bulbagarden.net//wiki/Comfey_(Pok%C3%A9mon)"}, {"kdex": "#176", "ndex": "#765", "name": "Oranguru", "type1": "Normal", "type2": "Psychic", "url": "https://bulbapedia.bulbagarden.net//wiki/Oranguru_(Pok%C3%A9mon)"}, {"kdex": "#177", "ndex": "#766", "name": "Passimian", "type1": "Fighting", "url": "https://bulbapedia.bulbagarden.net//wiki/Passimian_(Pok%C3%A9mon)"}, {"kdex": "#182", "ndex": "#767", "name": "Wimpod", "type1": "Bug", "type2": "Water", "url": "https://bulbapedia.bulbagarden.net//wiki/Wimpod_(Pok%C3%A9mon)"}, {"kdex": "#183", "ndex": "#768", "name": "Golisopod", "type1": "Bug", "type2": "Water", "url": "https://bulbapedia.bulbagarden.net//wiki/Golisopod_(Pok%C3%A9mon)"}, {"kdex": "#186", "ndex": "#769", "name": "Sandygast", "type1": "Ghost", "type2": "Ground", "url": "https://bulbapedia.bulbagarden.net//wiki/Sandygast_(Pok%C3%A9mon)"}, {"kdex": "#187", "ndex": "#770", "name": "Palossand", "type1": "Ghost", "type2": "Ground", "url": "https://bulbapedia.bulbagarden.net//wiki/Palossand_(Pok%C3%A9mon)"}, {"kdex": "#200", "ndex": "#771", "name": "Pyukumuku", "type1": "Water", "url": "https://bulbapedia.bulbagarden.net//wiki/Pyukumuku_(Pok%C3%A9mon)"}, {"kdex": "#203", "ndex": "#772", "name": "Type: Null", "type1": "Normal", "url": "https://bulbapedia.bulbagarden.net//wiki/Type:_Null_(Pok%C3%A9mon)"}, {"kdex": "#204", "ndex": "#773", "name": "Silvally", "type1": "Normal", "url": "https://bulbapedia.bulbagarden.net//wiki/Silvally_(Pok%C3%A9mon)"}, {"kdex": "#213", "ndex": "#774", "name": "Minior", "type1": "Rock", "type2": "Flying", "url": "https://bulbapedia.bulbagarden.net//wiki/Minior_(Pok%C3%A9mon)"}, {"kdex": "#222", "ndex": "#775", "name": "Komala", "type1": "Normal", "url": "https://bulbapedia.bulbagarden.net//wiki/Komala_(Pok%C3%A9mon)"}, {"kdex": "#224", "ndex": "#776", "name": "Turtonator", "type1": "Fire", "type2": "Dragon", "url": "https://bulbapedia.bulbagarden.net//wiki/Turtonator_(Pok%C3%A9mon)"}, {"kdex": "#225", "ndex": "#777", "name": "Togedemaru", "type1": "Electric", "type2": "Steel", "url": "https://bulbapedia.bulbagarden.net//wiki/Togedemaru_(Pok%C3%A9mon)"}, {"kdex": "#242", "ndex": "#778", "name": "Mimikyu", "type1": "Ghost", "type2": "Fairy", "url": "https://bulbapedia.bulbagarden.net//wiki/Mimikyu_(Pok%C3%A9mon)"}, {"kdex": "#243", "ndex": "#779", "name": "Bruxish", "type1": "Water", "type2": "Psychic", "url": "https://bulbapedia.bulbagarden.net//wiki/Bruxish_(Pok%C3%A9mon)"}, {"kdex": "#244", "ndex": "#780", "name": "Drampa", "type1": "Normal", "type2": "Dragon", "url": "https://bulbapedia.bulbagarden.net//wiki/Drampa_(Pok%C3%A9mon)"}, {"kdex": "#263", "ndex": "#781", "name": "Dhelmise", "type1": "Ghost", "type2": "Grass", "url": "https://bulbapedia.bulbagarden.net//wiki/Dhelmise_(Pok%C3%A9mon)"}, {"kdex": "#271", "ndex": "#782", "name": "Jangmo-o", "type1": "Dragon", "url": "https://bulbapedia.bulbagarden.net//wiki/Jangmo-o_(Pok%C3%A9mon)"}, {"kdex": "#272", "ndex": "#783", "name": "Hakamo-o", "type1": "Dragon", "type2": "Fighting", "url": "https://bulbapedia.bulbagarden.net//wiki/Hakamo-o_(Pok%C3%A9mon)"}, {"kdex": "#273", "ndex": "#784", "name": "Kommo-o", "type1": "Dragon", "type2": "Fighting", "url": "https://bulbapedia.bulbagarden.net//wiki/Kommo-o_(Pok%C3%A9mon)"}, {"kdex": "#285", "ndex": "#785", "name": "Tapu Koko", "type1": "Electric", "type2": "Fairy", "url": "https://bulbapedia.bulbagarden.net//wiki/Tapu_Koko_(Pok%C3%A9mon)"}, {"kdex": "#286", "ndex": "#786", "name": "Tapu Lele", "type1": "Psychic", "type2": "Fairy", "url": "https://bulbapedia.bulbagarden.net//wiki/Tapu_Lele_(Pok%C3%A9mon)"}, {"kdex": "#287", "ndex": "#787", "name": "Tapu Bulu", "type1": "Grass", "type2": "Fairy", "url": "https://bulbapedia.bulbagarden.net//wiki/Tapu_Bulu_(Pok%C3%A9mon)"}, {"kdex": "#288", "ndex": "#788", "name": "Tapu Fini", "type1": "Water", "type2": "Fairy", "url": "https://bulbapedia.bulbagarden.net//wiki/Tapu_Fini_(Pok%C3%A9mon)"}, {"kdex": "#289", "ndex": "#789", "name": "Cosmog", "type1": "Psychic", "url": "https://bulbapedia.bulbagarden.net//wiki/Cosmog_(Pok%C3%A9mon)"}, {"kdex": "#290", "ndex": "#790", "name": "Cosmoem", "type1": "Psychic", "url": "https://bulbapedia.bulbagarden.net//wiki/Cosmoem_(Pok%C3%A9mon)"}, {"kdex": "#291", "ndex": "#791", "name": "Solgaleo", "type1": "Psychic", "type2": "Steel", "url": "https://bulbapedia.bulbagarden.net//wiki/Solgaleo_(Pok%C3%A9mon)"}, {"kdex": "#292", "ndex": "#792", "name": "Lunala", "type1": "Psychic", "type2": "Ghost", "url": "https://bulbapedia.bulbagarden.net//wiki/Lunala_(Pok%C3%A9mon)"}, {"kdex": "#293", "ndex": "#793", "name": "Nihilego", "type1": "Rock", "type2": "Poison", "url": "https://bulbapedia.bulbagarden.net//wiki/Nihilego_(Pok%C3%A9mon)"}, {"kdex": "#294", "ndex": "#794", "name": "Buzzwole", "type1": "Bug", "type2": "Fighting", "url": "https://bulbapedia.bulbagarden.net//wiki/Buzzwole_(Pok%C3%A9mon)"}, {"kdex": "#295", "ndex": "#795", "name": "Pheromosa", "type1": "Bug", "type2": "Fighting", "url": "https://bulbapedia.bulbagarden.net//wiki/Pheromosa_(Pok%C3%A9mon)"}, {"kdex": "#296", "ndex": "#796", "name": "Xurkitree", "type1": "Electric", "url": "https://bulbapedia.bulbagarden.net//wiki/Xurkitree_(Pok%C3%A9mon)"}, {"kdex": "#297", "ndex": "#797", "name": "Celesteela", "type1": "Steel", "type2": "Flying", "url": "https://bulbapedia.bulbagarden.net//wiki/Celesteela_(Pok%C3%A9mon)"}, {"kdex": "#298", "ndex": "#798", "name": "Kartana", "type1": "Grass", "type2": "Steel", "url": "https://bulbapedia.bulbagarden.net//wiki/Kartana_(Pok%C3%A9mon)"}, {"kdex": "#299", "ndex": "#799", "name": "Guzzlord", "type1": "Dark", "type2": "Dragon", "url": "https://bulbapedia.bulbagarden.net//wiki/Guzzlord_(Pok%C3%A9mon)"}, {"kdex": "#300", "ndex": "#800", "name": "Necrozma", "type1": "Psychic", "url": "https://bulbapedia.bulbagarden.net//wiki/Necrozma_(Pok%C3%A9mon)"}, {"kdex": "#301", "ndex": "#801", "name": "Magearna", "type1": "Steel", "type2": "Fairy", "url": "https://bulbapedia.bulbagarden.net//wiki/Magearna_(Pok%C3%A9mon)"}, {"kdex": "#302", "ndex": "#802", "name": "Marshadow", "type1": "Fighting", "type2": "Ghost", "url": "https://bulbapedia.bulbagarden.net//wiki/Marshadow_(Pok%C3%A9mon)"}, {"kdex": "#261", "ndex": "#803", "name": "Poipole", "type1": "Poison", "url": "https://bulbapedia.bulbagarden.net//wiki/Poipole_(Pok%C3%A9mon)"}, {"kdex": "#262", "ndex": "#804", "name": "Naganadel", "type1": "Poison", "type2": "Dragon", "url": "https://bulbapedia.bulbagarden.net//wiki/Naganadel_(Pok%C3%A9mon)"}, {"kdex": "#392", "ndex": "#805", "name": "Stakataka", "type1": "Rock", "type2": "Steel", "url": "https://bulbapedia.bulbagarden.net//wiki/Stakataka_(Pok%C3%A9mon)"}, {"kdex": "#393", "ndex": "#806", "name": "Blacephalon", "type1": "Fire", "type2": "Ghost", "url": "https://bulbapedia.bulbagarden.net//wiki/Blacephalon_(Pok%C3%A9mon)"}, {"kdex": "#403", "ndex": "#807", "name": "Zeraora", "type1": "Electric", "url": "https://bulbapedia.bulbagarden.net//wiki/Zeraora_(Pok%C3%A9mon)"}, {"kdex": "#---", "ndex": "#808", "name": "Meltan", "type1": "Steel", "url": "https://bulbapedia.bulbagarden.net//wiki/Meltan_(Pok%C3%A9mon)"}, {"kdex": "#---", "ndex": "#809", "name": "Melmetal", "type1": "Steel", "url": "https://bulbapedia.bulbagarden.net//wiki/Melmetal_(Pok%C3%A9mon)"}]